{"noiseKey":{"private":{"type":"Buffer","data":"AMKrwQ9Hypq+CFBBfe9qom308NwaH0LMLDNlb7aY01I="},"public":{"type":"Buffer","data":"rm5SEQI+2QBC/a+S5DhwquKQoI1eb/rvAOSGGFIlJxA="}},"pairingEphemeralKeyPair":{"private":{"type":"Buffer","data":"CAbUZvva7beqKe3G4YTvtIDRIzFROGUs2tLSJzyscVI="},"public":{"type":"Buffer","data":"UvAiRbe03rBSCIfu+pBK7/FxzwPOXE1P9P7XGA9gsHI="}},"signedIdentityKey":{"private":{"type":"Buffer","data":"kBdUi5jVDRl+1XCAjiPuOILbKOTk2hTOuQ0jvJUI9Wk="},"public":{"type":"Buffer","data":"qHk+Vc705LR7NIP/9vqKzs1V9FGUM/XtOnLwfxGqj28="}},"signedPreKey":{"keyPair":{"private":{"type":"Buffer","data":"4HVmgsQRfliqJvu59SzxLeRARIQyF4Vlr47ViMdD5WI="},"public":{"type":"Buffer","data":"KI8OLWotYJ/tPO2H4Khx1u8w3hj2kvM4z6sKKcCVu0w="}},"signature":{"type":"Buffer","data":"lJBnJSnDSZrfexBDLNao4JCumjpVBpuUcr0C2JZy94reP8+9lGEjKSdCC3v7hqG1bcZIaA90b0bEfauiQ+cZAA=="},"keyId":1},"registrationId":190,"advSecretKey":"wCiegQ90REwYreHfrRf2yhvwsp9yDzlfcScd1hzDT8Q=","processedHistoryMessages":[],"nextPreKeyId":31,"firstUnuploadedPreKeyId":31,"accountSyncCounter":0,"accountSettings":{"unarchiveChats":false},"deviceId":"f7uoSM6ISyeNJnFXiUmmlQ","phoneId":"f1f452b3-56fd-43bd-b222-b5ca9e0ad3af","identityId":{"type":"Buffer","data":"BW1u+Nj/ft415bz8SIdqH3AsF88="},"registered":true,"backupToken":{"type":"Buffer","data":"xr3dEdeoKGZymTpN7VgwGsMxad8="},"registration":{},"pairingCode":"GPLJR677","me":{"id":"233541754489:2@s.whatsapp.net"},"account":{"details":"CK31kvEEELOyj8EGGAEgACgA","accountSignatureKey":"FXGQsQT5hCFwPMFVIBZILDCcTRaol1tC279hTK5Kd2Y=","accountSignature":"WLtSkYyAhPYpgPzt5iMGF+fvTIh7iKfxuDqJpzoVLiNAi0+/Js/pOeQYstz1g1gTivTkQEHQdD29ZIFAeALnDQ==","deviceSignature":"OzVrIOEUt/JIsCuE7/CQT/BVPemq7UAl4ml8fvcKcI7g2DbNqftV7vpJejR/UCznrCEXs1l0B2KiAqBNsrUMDg=="},"signalIdentities":[{"identifier":{"name":"233541754489:2@s.whatsapp.net","deviceId":0},"identifierKey":{"type":"Buffer","data":"BRVxkLEE+YQhcDzBVSAWSCwwnE0WqJdbQtu/YUyuSndm"}}],"platform":"android","lastAccountSyncTimestamp":1747179840,"myAppStateKeyId":"AAAAAClA"}